Pregunta,Respuesta,Etiqueta
Quien es autor de 'Drácula'?,"Bram Stoker,(1847-1912).",Autor
En que lugar empieza relato de Jonathan Harker en 'Drácula'?,Bistritz.,Lugar
Cual es la fecha de inicio del viaje de Jonathan Harker en el libro?,Primer día de mayo o primer mayo al salir de Münich a las 8:35.,Fecha
Descripción del viaje de Jonathan desde Klausenburg hasta otros lugares en Drácula,"Paisajes bellos con pueblitos y castillos en colinas, ríos y arroyuelos acompañados por multitudes variadas de personas.",Landscape
Qué atuendo llevaban las mujeres según Jonathan Harker?,Largas mangas blancas y anchos cinturones con flecos adornando sus vestidos como en un ballet pero con enaguas debajo.,Dress description
Quien le envió carta al posadero para Jonathan Harker?,Conde Drácula.,Sender of letter to Innkeeper
Que instrucciones recibió Jonathan Harker de la carta del Conde Drácula?,Saldría la diligencia para Bucovina y su carruaje lo esperaría en Desfiladero de Borgo llevándolo a su casa.,Instructions from Count Dracula
Que frutos del diccionario poliglot identifica Jonathan durante su discusión con el conductor?,"Ordog (Satanás), pokol (infierno), stregoica (bruja), vrolok y vlkoslak (ambos significan hombre lobo o vampiro).",Vocabulario
Descripción de la carrera durante el viaje de Jonathan hasta Borgo Pass en el libro Drácula?,"Carreras entre colinas verdes y bosques de pino llamadas 'Tierra Media'. El camino es aspero pero rápido, atravesando flores e invisibles fronteras nacionales.",Paisaje viaje
Descripción sobre la visita de Jonathan Harker hacia campesinos en su viaje por los Cárpatos?,En cada uno de los carromatos encontraba grupos de campesinos blancoeslovacos o checos con sus pieles tradicionales y largas duelas. La noche caía y el frío aumentaba mientras descubría bellas características como hachas en las lanzas y grupos de sauces llorones brillantes entre los verdosos árboles.,Campesinos y paisaje
Descripción sobre el entrido en el desfiladero de Borgo en la narración?,Una atmósfera tensa y oscura envolvía el lugar. Montañas parecían acercarse a los viajeros como si intentaran estrangularlos y nubes tenebrosas se balanceaban sobre ellos mientras ingresaban al desfiladero. La noche era intensamente profunda y la sensación de un mal presente se hacía sentir.,Entrada al desfiladero de Borgo
Descripción sobre la llegada de Jonathan Harker al hogar del Conde Drácula mediante una carruza?,"Jonathan es llevado por un misterioso conductor hacia Bucovina en medio de una noche fría y oscura. En el camino, observa a sus caballos negros poderosos y a su conductor alto con barba grisácea que se mantiene reservado sobre los motivos de la prisa del viaje.",Llegada a Bucovina e introducción al Conde Drácula
Cual es el efecto del fósforo en relato de Jonathan Harker?,Ilumina para que mirara su reloj.,Acción
Que comienza una serie de aullidos después de encender el fósforo?,Un aterrador concierto de aullidos por parte de los perros y luego llega el sonido más fuerte y agudo de lobos.,Supersticion y Sonido
Que ocurre con los caballos al escuchar estos aullidos?,Comienzan a temblar y pibiar pero el cochero los calma.,Reaccion Animal
Que sucede cuando Jonathan Harker ve una luz azul durante el viaje nocturno?,El cochero se detiene los caballos y se adentra en la oscuridad hasta llegar a la llama. Posteriormente empila piedras en un patrón significativo.,Llama Azul Y Acciones
Cual es el efecto psicológico que tiene sobre Jonathan Harker cuando los lobos aparecen rodeando el grupo?,Entra una especie de parálisis de miedo.,Miedo al Encuentro Con Los Lobos
Donde llega el viaje nocturno de Jonathan Harker?,Al patio interior de un inmenso castillo ruinoso.,Llegada Viaje Nocturno
Quien abre puerta para Jonathan Harker en Drácula?,Un hombre alto y ya viejo vestido de negro.,Personaje
Como se presenta el personaje que abre puerta a Jonathan Harker?,Usando un cortés gesto y hablando en excelente inglés con entonación extraña.,Presentación
Que objeto tiene el anciano al abrirle la puerta a Jonathan?,Una antigua lámpara de plata sin globo ni protección.,Objetos
Donde lleva a Jonathan Harker el Conde Drácula luego de abrirle puerta?,A un cuarto muy bien alumbrado con mesa servida para la cena.,Lugar en casa de Conde Drácula
Cual es la descripcion de habitacion donde Jonathan espera cenar en casa del Conde Drácula?,Gran dormitorio muy bien alumbrado y calentado por otro hogar recién encendido.,Descripción habitación espera cena
Que propósito expresa el conde Drácula cuando abre puerta para Jonathan?,Hacer que se siente como huésped y le proporciona comida e alojamiento.,Propósitos del Conde Drácula
Que comida le sirve el conde Drácula a Jonathan Harker?,Excelente pollo asado con queso y ensalada.,Alimentos en casa del Conde Drácula
Bebida que bebe Jonathan tras cenar con el Conde Drácula?,Dos vasos de Tokay añejo.,Bebidas en casa del Conde Drácula
Cual es la primera descripcion detallada de apariencia que Jonathan Harker tiene del Conde Drácula?,"Características fuertes y aguileonas con frente alta, nariz fina y cejas gruesas.",Aparencia del Conde Drácula
Cuando transcurre la conversacion entre Jonathan y el Conde sobre los lobos?,Amanecida de una nueva aurora.,Tiempo
En que momento del relato Jonathan descubre desorden en servicios de la casa del Conde Drácula?,Cuando busca campanilla pero no la encuentra.,Servicio de la Casa
Donde Jonathan encuentra una colección de libros en idioma Ingles al explorar el castillo?,En una biblioteca encontrada luego de salir de un cuarto principal.,Biblioteca en el Castillo del Conde Drácula
Que razones da el conde para que Jonathan no entre en algunas habitaciones del castillo?,Explicando que allí hay cosas y conocimiento extraño e incomprendible.,Restricciones sobre las habitaciones por parte del Conde Drácula
Que relato hace referencia a una historia sobre invasores y señales de fuego?,La leyenda del castillo mencionado por el conde Drácula sobre defensores nativos contra invasores.,Historia dentro del relato
Como describe Bram Stoker la curiosidad de los campesinos sobre las llamas que aparecen en una noche?,"Cobarde e imbécil, no osaran espiar por sus puertas ni saberian volver a encontrarlos durante el dia tras verlas una sola vez.",Descripción sobre curiosidad del pueblo nativo
Que acción realiza el Conde Drácula al finalizar su conversacion con Jonathan Harker sobre Londres?,Se dirige al estudio y lee una Guía Inglesa de Bradshaw mientras Harker le explica sobre sus planes en Purfleet.,Conducta del personaje Count Dracula
En que lugar se encuentra la propiedad descripta por Jonathan Harker para Count Drácula?,Purfleet.,Ubicación de la propiedad
Que nombre antiguo creen los habitantes locales para el lugar llamado Carfax por venta?,Quatre Face debido a su cuatro caras correspondientes con los puntos cardinales.,Nombre antiguo de Carfax segun la leyenda
Que momento del día marca el final de la segunda noche entre Jonathan Harker y Conde Drácula antes de viaje?,Aparece un gallo cantando en claroscuro de la mañana.,Fin de segundo dia entre personajes antes de su viaje
Describa situacion de Jonathan Harker cuando se encuentra solo en el castillo de Drácula.,Dormido pocas horas y comenzando a afeitarse sintió una mano sobre su hombro. El conde estaba cerca pero sin imagen reflejada en espejo. Luego vio sangrar su cortadura y observó la furia del Conde al intentar atacarle; posteriormente lanzó el espejo por una ventana interna destruyéndolo. La ausencia del Conde para desayuno dejaba una sensación extraña a Jonathan.,Situacion
Descripcion de Castle Dracula por Jonathan Harker.,"`Castillo se encuentra al mismo borde de un terrible precipicio. Una piedra cayendo desde la ventana puede descender mil pies sin tocar nada! Tan lejos como el ojo alcanza a divisar, solo se ve un mar de verdes copas de árboles...`",Descripcion
Quien es Conde Dracula según narración de Jonathan Harker?.,"El conde Drácula es un boyar transilvano descendiente de diversas razas guerreras, que incluyen los ugricos originarios de Islandia traídos por Thor y Wodin. Sus antepasados lucharon valerosamente por su señorío desde los límites europeos hasta África e incluso Asia.",Conde Dracula
De quien habla el narrador sobre la leyenda de Drácula como fundador héroe?,Escequelios.,Nación referida
En que guerra se destaca Voivode Drácula según relato de escequelios?,Batió a los turcos en su propia tierra durante la gran vergüenza de Cassova.,Histórico Evento relacionado con Drácula
Quien es otro Drácula mencionado luego que inspiró otros ejércitos?,El de edades posteriores que repetidamente lideró a sus fuerzas en batallas contra los turcos.,Drácula Histórico II
En que ejemplo se basa el conde Drácula para explicarle a Jonathan Harker sobre el uso de procuradores?,Compra de propiedad en Londres por medio del señor Peter Hawkins desde Exeter.,Ejemplo Histórico
Quien le pide a Jonathan Harker escribir cartas?,Conde Drácula.,Petición Histórica dentro de Relato
Cuando Jonathan comprende la intención de Conde Drácula al leer sus cartas?,Después del momento en que el conde escribió y guardó las cartas junto a las suyas.,Entendimiento
Que acción toma Jonathan cuando el conde sale de la habitación?,"Se inclina, mirando secretamente los sobres sobre la mesa.",Siguiendo el Conde
En qué momento Jonathan observa las habilidades de Drácula escalando verticalmente?,Al mirar la ventana del graderío de piedras desde su habitación y viendo que el conde salía lentamente del lado del castillo.,Habilidades de Drácula
"Ubicación de la puerta encontrada por Jonathan después del esfuerzo?,",En el ala derecha del castillo un piso más abajo que los cuartos conocidos.,Descubrimiento
En que lugar Jonathan Harker encuentra una atmósfera más cómoda en el castillo de Drácula?,Entre las habitaciones ocupadas por las damas.,Lugares confortables
Descubre cómo se iluminaba la habitación donde Jonathan se encuentran al comenzar el día 16 de mayo,La luna reflejando su amarilla luz en las hondonadas diamantinas permitía incluso distinguir los colores y disfrazaba un poco el polvo.,Iluminación natural
Que material estaba utilizado para la pequeña mesa donde Jonathan se sentó a escribir su diario?,Roble.,Material de la mesa
Qué tipo de sensación experimenta Jonathan al contemplar el paisaje desde el castillo antes de dormir?,Refrescante libertad.,Emoción ante vista natural
Descubre la cantidad de mujeres jóvenes que visitan a Jonathan mientras duerme en el castillo,Tres damas.,Visitas soñadoras
Como se describen las dos dadas al oscuro en sus rasgos destacados?,Altas narices aguileñas como el conde y grandes ojos negros casi rojos.,Apariencia de mujeres oscuras
Qué tipo de acción realiza Drácula al percatarse de Jonathan siendo abordado por las tres mujeres?,Lo arroja a una distancia a una de ellas y luego los rechaza como si fueran impuras.,Reacción del conde al descubrir la situación
Descripción de cómo se comporta Drácula durante este momento de furia,"Els ojos azules transformados por la furia, dientes blancos apretados por ira y pálidas mejillas encendidas por pasión.",Apariencia cambiante del conde
Qué suceso hace que Jonathan abra sus ojos durante el episodio,Percepción de presencia del Conde.,Apertura de los ojos ante la inminente amenaza
En quien recae el miedo palpable tras las risas lúgubre de mujeres en la novela Drácula?,A oyente desconocido del relato de Jonathan Harker.,Emoción experimentada por lector
¿Quien despertó a Jonathan Harker en su cama después de los extraños eventos?,El Conde Drácula como parte del sueño o experiencia extraña.,Acción sobre protagonista
Quién ejerce control sobre Jonathan Harker al manipular su salida del castillo de Drácula?,El Conde Drácula.,Dominio y Acción sobre otro personaje
Quién interviene para destruir las cartas escritas por Jonathan Harker a su familia?,El Conde Drácula.,Acción sobre escritos del protagonista
Que objetos desaparecen de habitacion de Jonathan en 'Drácula'?,"Sus papeles, sobres de portafolios y guardaria con trajes(maleta ligera), abrigo y manta.",Desapariciones objetos
Cual es el modo de transporte que llegan a las afueras del Castillo en la historia?,Dos grandes diligencias tiradas por ocho briosos corceles.,Llegada visitantes
Que sospecha tiene Jonathan sobre gitanos en el Castillo Drácula?,Están realizando alguna villanía y están trabajando en algún proceso.,Sospechas de Jonathan acerca de Gitano en Castillo
Que objeto del viaje de Jonathan se utiliza por Conde para ocultar sus actividades maliciosas?,Su propio traje y bolsa utilizados anteriormente en viaje.,Conde usa ropa de Jonathan para ocultarse
Quien visita Jonathan durante su cautiverio en el Castillo Drácula?,Mujer llorando buscando a su hijo raptado.,Visita dolorida de mujer al prisionero Jonathan
Desde dónde Jonathan Harker sale para ingresar al cuarto del Conde Drácula?,Ventana del lado sur.,Punto de Entrada
¿Qué descubre en el cuarto vacío del conde Drácula?,"Polvo cubriendo muebles raros nunca usados, y una gran cantidad de moneda antigua.",Descubrimiento en el Cuarto Vacío
Dónde encuentra a Conde Drácula en el descenso de escalera?,En una vieja capilla usada como cementerio.,Lugar del Descubrimiento
"Qué le dice Jonathan Harker al Conde Drácula sobre su partida temprana?,",Quiere caminar y salir de allí de inmediato.,Petición De Salida Temprana
Quienes son las tres mujeres que visitan Jonathan Harker luego de cerrarle la puerta en 'Drácula'?,Terribles vampiresas llamadas Brides de Drácula.,Personajes
En que momento el autor nos habla por primera vez sobre posibles movimientos futuros del conde Drácula?,"Cuando Jonathan Harker se encuentra en su cuarto previo a acostarse (Libro I), escucha una voz del otro lado de su puerta.",Evento
Como describe el autor Jonathan Harker la apariencia del Conde Drácula luego de alimentarse en el capítulo 30?,Se muestra como una sanguijuela horrorosa saciada de sangre; su rostro se ha vuelto joven con cabello gris oscuro y piel color rubí.,Descripción del Conde Drácula
Que evento se da poco antes del final del capítulo 30 en 'Drácula'?,Entra el grupo de gitanos y eslovacos al castillo de Drácula llevando sus pesadas ruedas y látigos mientras Jonathan Harker queda atrapado.,Acontecimiento Final Capitulo 30
En quien se dirige la carta escrita por Lucy el 9 de mayo?,La carta fue escrita por la señorita Mina Murray a la señorita Lucy Westenra.,Remitente y Destinatario
En cuál carta Lucy habla por primera vez sobre su amor?,La carta escrita por Lucy el 24 de mayo contiene su primer confesión de amor a Mina.,Carta con Confesión de Amor
Quién es la persona que confesa tres propuestas de matrimonio en una sola carta a Mina Murray?,Lucy Westenra expresa estas tres proposiciones de matrimonio en su carta escrita el 24 de mayo.,Personaje que Confiesa Propuestas de Matrimonio
Quien visita a Lucy Westenra luego del almuerzo en esta parte de la historia?,Quincey Morris llega.,Personaje entrante
Como se describe a Quincey Morris por Lucy?,"Un americano de Tejas que parece muy joven y fresco, con una buena educación y maneras finas.",Descripción de Morris por Lucy
Quién revela sus sentimientos a Lucy Westenra tras conocerla y hablar con ella?,Quincey Morris.,Personaje confiesa sus sentimientos hacia Lucy
Quien es R.M Renfield y cuantos años tiene en el comienzo del relato?,R. M. Renfield es un característico paciente psiquiátrico que sufre de instinto sanguíneo fuerte y una salud física destacada aunque su temperamento lo hace excitado e inestable con períodos de decaimiento resultando en una idea fija difícil de descifrar. Tiene 59 años al comienzo del libro.,Personaje
SiguientePalabraCloud_Dracula_Characters,Lucy,Personaje  # Para continuar la lista de personajes relevantes en el texto
Donde se ubica el cementerio alrededor de la iglesia parroquial en Whitby como descrito por Mina Murray?,"El cementerio se encuentra cerca del pueblo de Whitby y está situado alrededor de la iglesia parroquial, lleno de tumbas de piedra.",Ubicacion
Qué atractiva descripción da Mina Murray del lugar que más le encanta en Whitby?,Esta espléndida zona se extiende justo sobre el pueblo y permite una vista completa del puerto y toda la bahía donde el cabo Kettleness entra al mar.,DescripcionDelLugarAmadoDeMina
Quien le da instrucciones a Mina Murray acerca de la conversacion con el anciano?,Lucy.,PersonajeIniciaInteraccionConAnciano # Encuentra el rol en la acción específica
SiguientePalabraCloud_Dracula_Characters,The Ancient One,Personaje # Para continuar encontrando otros personajes relevantes
En que parte del relato Jonathan refuta las creencias sobre fantasmas y mitos?,El argumento surgió cuando Jonathan conversa con señor Swales sobre las lápidas de tumbas y las mentiras escritas en ellas.,Refutación de Creencias
Donde Jonathan descubre más sobre el origen de las mentiras y creencias en Drácula?,Cuando conversa con señor Swales en la iglesia y este le hace una lectura sobre varias lápidas que contienen historia de marineros asesinados pero sin evidencia física en el lugar.,Descubrimiento en la Iglesia
En qué instancia se manifiesta más claramente la naturaleza maligna de Drácula en el texto?,Cuando Drácula se traslada físicamente a la habitación donde dormía Jonathan y lo amenaza.,Aparición Del Mal
Quien es descrito como amante de animales pero con extrañas transformaciones en el texto?,"Un personaje no identificado explicitamente en el pasaje dado que se refiere al sujeto desde 'él' o 'su', siendo referido por otros contextos como el narrador cercano a Victor Frankenstein o el niño lobo.",Personaje indeterminado
Cuál es el deseo cada vez creciente de Renfield en este pasaje?,Desear obtener un gatito para domesticarlo y alimentarlo como ha hecho con moscas y arañas anteriormente.,Objeto deseado
Qué comportamiento observa el narrador sobre el personaje Renfield?,"Renfield presenta una locura progresiva, con patrones de comida extraña como insectos o animales pequeños que parece domesticar y alimentar en un modo cruelmente anormal.",Comportamiento observado en Renfield
Quién razona con gran profundidad dentro de su ámbito pero muestra locura?,Renfield el personaje obsesionado por alimentarse de pequeños animales en el relato.,Personaje razonando dentro de locura específica
En qué fecha se menciona el temor por Jonathan sin noticias desde Drácula?,27 de julio.,Fecha sin Respuesta
Quién planea casamiento en este momento del relato?,Lucy.,Paciente Sin Noticias
Donde está describiendo el tiempo y naturaleza desde su punto de vista?,Whitby.,Descripcion de Entorno
Con quien tiene una interacción importante en este fragmento de relato?,Viejo señor Swales.,Personaje Interactuando
"Con quien comparte sus preocupaciones sobre la salud del señor Holmwood?,",Mina.,Compañera En Cuestión
Qué evento dramático sucede en Whitby?,Una de las tormentas más fuertes y repentinas se produce con resultados extraños.,Catástrofe Natural
Que evento atmosferico predijo un anciano pescador en Whitby observando desde East Cliff?,Una repentina tormenta.,Prediccion
Descripcion de la puesta del sol antes de la tormenta relatada?,"Bella, grandiosa con masas de nubes coloreadas en diferentes tonos.",Marvelosa Puesta Del Sol
Que escucharon en Whitby cuando llegó la tormenta?,"Retumbos extraños, tenues y huecos.",Sonidos Ante Tormenta
Descripcion de las olas durante el comienzo de la tormenta,Olas creciendo con furia superando a su compañera hasta convertirse en rugiente.,Inicio Ola Tormenta
Que barco llegó con dificultad a Whitby puerto durante la tormenta?,Una goleta forastera.,Barco Rescatado Tormenta
Quien dirigía esa goleta y que estado estaban?,Un hombre muerto atado al timon con cabeza caída.,Conductor Goleta
Descripcion del encuentro inicial entre Drácula y Jonathan Harker al salir embarcado?,"Una rápida nave choca con un banco de arena cerca del muelle Tate Hill de Whitby y resulta dañada. Un perro immenso se aparece repentinamente e inexplicablemente desde el acantilado, corriendo hacia la proa hasta la playa.",Inicio encuentro
Pregunta,Respuesta,Etiqueta
Acontecimiento sorpresivo ocurriendo en el mismo momento del accidente naval?,Aparece un gran perro que corre desde los acantilados hacia la proa y se pierde en la oscuridad.,Perro extraño aparece
Cual era el estado físico del marinero encontrado en la nave al principio de la historia?,"El marinero estaba muerto durante por lo menos dos días debido a cortes producidos por las cuerdas que ataban sus manos a la rueda del timón, con el efecto de los golpes del viento.",Estado físico muerta
Pregunta,Respuesta,Etiqueta
Desde donde y qué embarcación llegó el perro misterioso al principio del capítulo?,"El perro apareció desde los acantilados cerca de un puente llamado East Cliff en Whitby, saltando sobre la proa de una nave que naufragaba.",Perro saltando desde acantilados
Descripción del estado en que se encuentra el perro muerto hallado cerca de la casa de un comerciante de carbón?,"El perro era grande y mestizo entre mastines, tenía una garganta desgarrada y su vientre abierto como por una garra salvaje.",Perro muerto encontrado
Pregunta,Respuesta,Etiqueta
Objeto encontrado en un rollo de papel dentro de una botella del marinero muerto en la nave Demetrio?,Es un pequeño fragmento que parece ser el comienzo de un relato o cuenta.,Papel encontrado con fragmento de historia
Quien relata esta observación sobre un misterioso hombre a bordo del barco de Jonathan Harker?,Olgaren.,Testigo de presencia misteriosa
"En que fecha finaliza el registro de Jonathan Harker sobre su experiencia marítima?"",2 de agosto"," medianoche.""",Final del relato de Harker
Quien relata el último momento de encuentro con el primer oficial loco en el barco?,Jonathan Harker.,Testigo del hallazgo del primer oficial
Quien es la persona encontrada muerta en barco al comienzo de capítulo XIV?,Capitán del barco.,Personaje
En que lugar se dará entierro del capitán en el final de dicho capítulo?,Iglesia de la abadía en su cementerio.,Lugar Entierro
Que evento marca culminación de historia dentro del capitulo XIV de Drácula?,Funeral del Capitán.,Evento Final
En donde se llevó a cabo el funeral del capitán en el día 10 de agosto?,Del cementerio de la iglesia junto al acantilado.,Lugar Entierro
Quien es la persona que se encuentra aterrorizada por su perro en el final del día 10 de agosto?,Perro de Capitán,Personaje Animado
Que experiencia asombrosa ocurre con Lucy en la novela?,"Lucy comienza a sonambular y desaparece de su habitacion sin dejarsignos de dónde está ni qué lleva puesto, lo que genera una gran preocupación en el grupo.",Experiencia
Que evento despierta abruptamente Mina Harker en la noche?,"Despertó por un terrible sentimiento de miedo y vacío, con su habitacion oscura.",Acontecimiento
En cual lugar ocurría el encuentro misterioso a media noche?,En el borde del mar cerca de West Cliff y East Cliff.,Lugar
"Después del encuentro con Lucy en el cementerio ¿Cómo avanzan los pasos de Mina?,","Se llena de cuidado por la condición de Lucy y se esfuerza por llevarla a casa sin dar señales, hasta que logran llegar sin ser vistos.",Acción
Donde está ubicado el primer encuentro sobrenatural con Lucy en el libro?,En la habitación donde le cuida Jonathan.,Lugar encuentro
Qué dolor físico sufre Lucy después del acontecimiento de la noche primera?,Pierde piel en garganta dejándole dos pequeños puntos sangrantes.,Heridas físicas
Cómo reacciona Lucy a los daños causados por Jonathan durante el mal sueño?,Ríe y tranquiliza a su cuidador al no sentir dolor.,Reacción emocional
En qué ambiente pasa el día del mismo día luego del encuentro sobrenatural con Lucy?,Bosques de Mulgrave.,Lugar diario
En qué fecha el libro indica el primer encuentro de Jonathan con un comportamiento extraño de Lucy?,12 de agosto.,Fecha encuentro Lucy extraño
"Durante la noche del mismo día donde se da este incidente en el libro, que acción repite Lucy hacia la puerta cerrada por error?",Intentó salir repetidas veces.,Acciones Lucy despertada erróneamente
Cómo describe la situación exterior al amanecer del 15 de agosto?,Lucy está lánguida y cansada.,Estado Lucy interior
En qué punto del relato el padre de Arthur desea que se acelere el matrimonio con Lucy?,15 de agosto en el desayuno.,Deseo de acelerar matrimonio por parte del padre
Quien envia carta a Carter Paterson y Cia. el 17 de agosto?,"Samuel F. Billington e Hijo, procuradores en Whitby.",Remitente
Quién le envia carta sobre entrega en Carfax el 17 de agosto?,"Samuel F. Billington e Hijo, procuradores en Whitby.",Remitente
Quién entrega carta con noticias de Jonathan Harker el 19 de agosto?,Señor Hawkins.,Remitente
Quien es Renfield en contexto de 'Drácula'?,Un paciente que sufre extrañas alteraciones mentales bajo influencia del conde Drácula.,Personaje
Donde se encuentra el Doctor Seward al relatar estos hechos?,En sanatorio donde cuida a Renfield.,Lugar actual de narrador
Cuándo se produce este cambio en comportamiento de Renfield según registro del Doctor Seward?,19 de agosto.,Fecha evento en el libro
Que observación hace Renfield sobre Dios en 'Drácula'?,Cree que el verdadero Dios se preocupa hasta por los gorriones mientras el creado por la vanidad humana no ve diferencias entre aves.,Comentario religioso de Renfield
Donde fue llevado el Doctor luego de conocer la fuga de Renfield?,Corrio inmediatamente buscando a Renfield.,Acción del Doctor Seward tras saber la noticia
Donde encuentra el Doctor Seward a Renfield en su persecución?,Detrás de una antigua puerta de roble de la capilla.,Lugar encontrado al seguir a Renfield
Que declaración hace Renfield mientras está con el Doctor en 'Drácula'?,"Cree estar bajo las órdenes de un amo, pidiéndole obediencia y esperando una recompensa.",Renfield hablando durante la persecución
Que acción lleva a cabo el Doctor Seward al finalizar su encuentro con Renfield en el libro?,"Lo encierra de manera segura junto con cadenas, en una celda.",Acción tomada por el doctor tras detenerlo
Cuanto refiere Minas descripcion sobre Jonathan en carta?,"Mina encuentra a Jonathan muy delgado, pálido y débil. Su tranquila dignidad se ha desvanecido dejando solo una sombra de lo que era.",Estado Jonathan
Que le pide Jonathan a su libro antes de dormir?,Permiso para sacar algo de su bolso.,Petición antes de descansar
 remamos," jugamos al tenis y pescamos juntos""; indica una variedad de actividades entre ambos.",Actividades Arthur-Lucy
Que relato prosigue desde el punto de vista del doctor Seward?,Continua el desarrollo del caso de Renfield y sus fluctuaciones psicológicas.,Relato continuación
Cual es la fecha y observación registrada en el diario de Doctor Seward sobre el paciente Renfield?,El 20 de agosto señala una mejoría en el comportamiento de Renfield tras una semana violenta.,Fecha y estado mental
Quien registra este relato adicional desde un punto de vista?,El doctor Seward.,Narrador cambio
En qué circunstancia escapa Renfield en el desarrollo del cuento?,"Esperando la inspección nocturna en su cuarto, salta y huye cuando el asistente entra.",Escape de Renfield
"Quien envia carta a Dr Seward informando sobre una enfermedad familiar?,",Arthur Holmwood.,Correspondencia recibida por el Doctor Seward
En qué lugar y fecha se produce la primera visita oficial del doctor Seward a Lucy Westenra?,"Hillingham 2 de septiembre, para almorzar a las dos.",Visita formal
Que situación lleva a Arthur Holmwood a enviar un mensaje telegráfico urgente?,Su padre enferma gravemente requiriendo su presencia,Motivo del telegrama
Quien recibe confidencias sobre salud de Lucy en esta situacion?,Arthur.,Personaje recibiendo información
Que analiza el doctor sobre sangre de Lucy?,Realiza un análisis cualitativo.,Examen médico realizado
Quién es Van Helsing para Abraham Seward?,Un amigo apreciado e inteligentísimo que está llegando a su ayuda en cuanto al caso de Lucy.,Personaje relevante
Quien es quien le dice a Lucy que está encantadora al hablar de su aparencia y estado emocional?,Van Helsing.,Personaje relevante expresando simpatía
Quién es objeto del amor oculto del profesor en este extracto?,Lucy.,Objezofthemysteriousfeeling
Qué circunstancia lleva al Dr. Seward a estar muy ocupado con su paciente zoófago?,Atacos repentinos de comportamiento peligroso y amenazador.,Pacientetroubles
En qué momento se revela un cambio en el comportamiento del paciente de Dr Seward?,"A las cinco de la tarde, encontrándolo muy alegrado capturando moscas.",Behaviorchange
Quién llega a Londres para visitar al doctor Seward y su paciente zoófago?,van Helsing.,ArrivalvanHelsing
Que reflexiona Jonatan sobre conocimiento y secrecía?,Discretar tratamiento con sujetos locos por parte de personas y mantener conocimiento oculto.,Filosofía
Quien es a quien Trauko se refiere en el texto?,"John o Juan, posiblemente un amigo que está hablando en dicho momento.",Nombre personaje indeterminado
Cómo lo ilustra Jonatan con maíz y gran semilla la idea del saber de Trauko?,El buen marido observa el crecimiento del maíz antes de su madurez para afirmar su valor futuro.,Metáfora
Como expresa Trauko su esperanza en el crecimiento y el conocimiento?,Sembró su maíz esperando que la naturaleza haga lo propio hasta que comience a aparecer el fruto.,Metáfora
Que le recomienda Trauko a John sobre el caso de la señorita?,"Mantener un registro detallado incluso con dudas e hipótesis, puesto que se puede aprender mucho de ellos.",Enseñanza y método investigativo
Que reflexiona Trauko sobre aprendizaje y experiencias frustradas?,Decide destacar el valor del estudio en las fallidas experiencias por lo contrario no se puede aprender.,Valor educativo
Qué observa Jonatan sobre la situación emocional de Mrs Westenra?,Es alarmada pero no tanto como lo esperaba por el caso de Lucy.,Emociones personales
Que reflexiona Van Helsing sobre la naturaleza y su relación con el enfoque de la madre tierra?,El egoísmo organizado tiene raíces más profundas que las que conocemos hasta ahora.,Filosofía
Como describen Lucy y van Helsing su entrada al cuarto donde se encuentra Lucy?,Horrorizada por apariencia cada vez más débil de Lucy en estado extremo.,Descripción visual
Que plantea Van Helsing como medida urgente para salvar a Lucy?,Realizar una transfusión de sangre debido a la escasez por falta de alimentación sanguínea.,Medidas médicas
Qué duda tiene John al ser llamado por Arthur en la carta y su posterior encuentro?,Pensó que estaban retrasando su intervención y tuvo miedo a que le ocultaran algo más.,Duda y temores
Quién interrumpe a Van Helsing cuando entra su discusión sobre la transfusión de sangre para Lucy?,Arthur aparece en el momento crucial y expresa su preocupación por Lucy.,Interrupción en conversación
Que desea Van Helsing a Arthur al enterarse que es novio de Lucy?,Le agradece su llegada a tiempo y le encarga una tarea crucial para salvar a Lucy.,Mensaje a Arthur sobre intervención médica
"Cómo justifica Van Helsing a Arthur por pedirle dar su sangre en lugar del doctor?,","Aunque el Doctor es más viejo y él mismo puede estar debilitado, Arthur está más fuerte físicamente lo que beneficiaría mucho la transfusión.",Explicación a Arthur sobre elección de donante
Como describe Van Helsing el estado de Lucy al llegar Arthur?,"Mal y muy mal, necesita sangre para sobrevivir o morirá.",Estado de Lucy
Quien realiza la sangrienta operación en Lucy?,Profesor Van Helsing.,Medico
Que efecto muestra el tiempo durante aplicacion de narcóticos a Lucy?,Demora en manifestarse su potencia debido a su debilidad.,Tiempo
Quien cuida de Lucy después de la sangrienta operación?,Doctor Seward.,Medico Ayudante
Quién veló toda la noche junto a Lucy durante su recuperación?,Doctor Seward.,Medico Ayudante
Quien habla estas palabras al finalizar entrada sobre Jonathan Harker en 'Drácula'?,Lucy Westenra.,Personaje
Fecha en que Lucy reflexiona su estado mejorando y sintiendo presencia de Arthur?,9 de septiembre.,Fecha
Cual es el pensamiento interno de Lucy sobre Arthur durante el descanso nocturno?,"Querido mío, tus oídos deben zumbar mientras duermes.",Pensamiento
Quién lleva a cabo transfusión de sangre para salvar a Lucy Westenra en este pasaje?,El doctor Seward junto con Van Helsing.,Personajes Accionando
"Quien hace observación sobre Lucy Westenra y se encarga de mantenerla entretenida despues del evento sangriento?,",El doctor Seward.,Personaje Acción
Quien envía flores blancas en forma de medicina a Lucy?,Doctor van Helsing.,Enviador flores
En que momento el doctor van Helsing lleva la guirnalda hecha con ajos para Lucy?,Después de hacer preparaciones en su habitación y cerrar las ventanas para mantenerlos bien aromatizados.,InstanteGuirnalda
"Quien lleva a cabo la labores de mejoria en el estado de Lucy al estar durmiendo?,",Señora Westenra,AccionMejorLucy
Cuando se llevó a cabo la segunda transfusión de sangre en 'Drácula'?,Después de que Van Helsing regresa débil y cansado desde la noche anterior con Lucy siendo restaurada después de la primera transfusión.,Transfusión 2
¿Quien actúa como donante de sangre en esta segunda transfusión?,Van Helsing él mismo.,Donante de Sangre
Qué escribe Lucy Westenra el 17 de septiembre en su diario?,Se encuentra sanando después del proceso con Van Helsing y está disfrutando del tiempo tranquilo y feliz.,Desarrollo Historia Lucy
"Quién visita a Lucy por última vez antes de salir?,",Doctor Van Helsing.,Visita Antes Salida Lucys Diario
Donde esta situada la residencia de Thomas Bilder?,Detrás del recinto de los elefantes en el jardín zoológico,Residencia Bilder
En que momento del relato habla por primera vez Thomas Bilder sobre el escapado lobo Bersicker?,Inicia hablando de él mientras recibe al reportero en su vivienda tras terminar la cena.,Introducción Acerca De Bersicker Thomas Bilder
Quién interactua con narrador sobre animales eneste pasaje de Drácula?,Un hombre alto y delgado con nariz aguileña y barba en punta que llevaba guantes blancos para niño.,Personaje
Quién es Thomas y cómo se relaciona con el tema del lobo fugitivo en este pasaje?,Thomas es un jardinero que tiene cierta experiencia con animales y también es un personaje ligado a la historia que condujo al escapamiento del lobo Bersicker. Sus comentarios teóricos intentan explicar por qué el lobo huyó.,Personaje relevante en contexto
Quien es Drácula y por qué aparece en contexto con escena de lobo fugitivo?,"Drácula es el antagonista principal en la novela de Bram Stoker. No aparece específicamente en este fragmento sobre el lobo Bersicker que escape, pero la historia entera gira alrededor de las actividades y conflictos con él.",Personaje relevante en relación al libro
 por lo que me ocupé en vendrar mi muñeca," manteniendo todo el tiempo una cautelosa vigilancia sobre la figura postrada.""",Reacción posterior a combate
Quién llega corriendo junto a Jonathan en esta escena?,van Helsing.,Personaje entrante
En qué momento del libro 'Drácula' sucede este encuentro entre protagonistas?,Después de que Jonathan no recibió respuesta al tocar el timbre durante algunos ratos.,Tiempo en contexto
Por qué llegaron van Helsing y Jonathan a la casa de Lucy de forma inesperada?,No recibió Jonathan una telegrama de van Helsing hasta temprano por la mañana sobre posibles problemas con Lucy.,Motivo del encuentro no previsto
En qué estado se encontran Lucy y su madre en la habitación?,Muertas pero aún mostrando signos de vida como respiración y un olor a láudano.,Estado en la escena descrita
Que descubren Jonathan Helsing al observar las heridas en el cuello de Lucy's mother?,Flores que habían estado alrededor de su cuello se encontraban en el pecho.,Descripción de la escena secundaria por efecto del ataque
¿Qué acción inmediata toma van Helsing para tratar a las mujeres afectadas?,"Frotarles con brandy las labios, encías, manos y muñecas.",Tratamiento inicial propuesto por van Helsing
Quién llega tras de van Helsing y Jonathan a la casa?,Un caballero con un mensaje para el señor Holmwood.,Entrada sorpresiva en la situación
Qué tratamiento inician Jonathan y van Helsing sobre Lucy una vez están en su habitación?,Frotarlas con brandy y procurarles agua caliente en el baño.,Inicio de atención médica a Lucy
Quién llega mientras Jonathan corrige hacia Emilo?,Quincey Morris.,Personaje entrante en escena
¿Que objeto le entrega Van Helsing a Jonathan para ser leído?,Dos hojas de papel.,Documento mostrado a Jonathan
Cómo reacciona Van Helsing al descubrir el certificado de defunción es necesario ocultar?,"No se preocupe por ello ahora. De momento, olvídelo.",Van Helsing ante la posibilidad de investigaciones oficiales
Quien le entrega un telegrama a Quincey Morris cuando salen?,Arthur con información sobre la muerte de Westenra y estado de Lucy.,Enviado por Arthur
Describa situación después de romper el papel por Lucy en Drácula?,Lucy se sumió en una especie de aturdimiento y más tarde comenzó a destruir un papel que llevaba en su pecho. Llevó a pensar que era consciente de la muerte que acababa de sufrir su madre y este acto desgarrón reflejó sus sentimientos.,Desarrollo del argumento
Qué le pasa a Lucy Westenra desde la carta de Mina?,Lucy se encuentra recuperando en compañía de su familia adoptiva después de su largo viaje con el Dr. Seward para tratar la rabia y posteriormente su mal estado luego del ataque de Count Drácula.,Desarrollo del argumento
Qué relato sobre Lucy Westenra el Doctor Hennessey da en carta a John Seward?,El doctor Henryesse explica que la paciente ha intentado una nueva fuga y alcanzó casi un final trágico pero fortuitamente evitado. Relata cómo otro par de extraños visitaron la zona cerca de su casa buscando información para encontrar el camino hacia donde Lucy había sido ingresada.,Desarrollo del argumento
Quienes son los villanos en el primer encuentro físico de Jonathan Harker con su paciente?,Dos cocheros que ayudaron a escapar al paciente.,Villanos
Que acción realizan los cocheros cuando Jonathan Harker trata de capturar al loco?,Intentan evadir al paciente golpeando a Jonathan.,Reacción antagonista
En que direcciones se encuentran los testigos del escapamiento del paciente en 'Drácula' libro de Bram Stoker?,"Jack está en Smollet de Dudding's Rents, King George's Road en Great Walworth y Thomas Snelling junto a Peter Farley's Row, Guide Court ubicado en Bethnal Green. Ambos son empleados de Harris e Hijos.",Direcciones de testigos
Quien visita a Lucy durante sus momentos débiles en la historia de 'Drácula'?,El doctor John Seward visita y cuida de ella junto con el profesor Abraham van Helsing.,Visitantes de Lucy
Como describe la situación de Lucy cuando van Helsing llega a relevarlo?,Lucy parecía estar cerca de la muerte pero despertaba cada vez que se le quitaba la oscuridad.,Estado de Lucy
Quien desata el sueño de Arthur para que vea a Lucy?,Van Helsing.,Despertador
"Cuando Arthur intenta abrazar a Lucy en este momento crítico, quién interviene para detenerlo?",Van Helsing.,Intervención
Qué escena sigue después del altercado entre Van Helsing y Arthur cuando Lucy se despierta nuevamente?,"Lucy abre los ojos de manera vacía pero también dura, habla en voz suave y voluptuosa e intenta besar a Arthur pero es detenida por Van Helsing.",Nueva Conciencia de Lucy
En qué momento del relato se realiza el funeral de Lucy y su madre?,Se dispuso el funeral para el día siguiente después de que se determinara su muerte.,Funeral
Quién asume la responsabilidad de los trámites administrativos para el funeral?,John Seward.,Administrador de Trámites
Quien encuentra y muestra el diario recientemente comenzado junto a cartas y notas?,John Harker.,Personaje
¿Qué tipo de documentos encontró el mismo personaje al entrar en una habitación particular?,Diario recientemente comenzado junto a cartas y notas.,Documentos hallados
"Al final del pasaje dónde persona refiere operar y extraer parte del cuerpo sin especificarlo del principio, quién hace esta referencia y hacia quien está dirigiendo la conversación?",Profesor(Drácula) a John Harker.,Personaje hablando con otro
Quién le promete fidelidad en su misión extraña a pesar de dudas posibles?,John Harker al Profesor(Drácula).,Personaje que confía en otro
"Al describir sus pensamientos sobre una promesa hecha anteriormente y los sacrificios para mantenerla, qué hace el profesor?",Recuerda a una promesa realizada hacia una muerta llamada Lucy.,Recordando un hecho pasado
Quien le explica que un pequeño objeto robado de una mujer ha sido recuperado?,El profesor.,Personaje que comunica información a otro
"Quién llega hasta la habitación de John Harker y revela algo importante sobre el pequeño crucifijo robado?,",El Profesor.,Personaje que entra en escena y comenta un hecho relevante
Como se encontraba el empresario de pompas fúnebres ante la situación en el libro?,Fiel a su habilidad como profesional pero abatido emocionalmente.,Emociones Profesionales
Cuando llega Arthur en la historia?,Poco antes de las cinco.,Tiempo de Llegada
Cual es la reacción de Arthur al ver a su muerta en el libro?,Lo encuentra temblando y sacudido con duda que luego desaparece.,Emociones ante muerte
Que solicita van Helsing en este pasaje del libro?,Autorización para leer las papeles y cartas de Lucy.,Solicitud Profesional
Dónde Jonathan y Mina regresan tras el entierro del señor Hawkins?,A Londres y luego a la esquina de Hyde Park.,Lugar retorno
Quien observa a la bella muchacha sentada en una victoria afuera de Giuliano's?,"Un hombre alto y delgado extraño, con rasgos marcados.",Personaje desconocido
Lugar donde Jonathan y Mina observan al extraño hombre que mira a la muchacha bonita?,Green Park después de pasar tiempo en Hyde Park.,Parque observación
Quién regresa junto a Arthur y Quincey Morris después del funeral de Lucy?,Van Helsing.,Personaje regreso
Quien es narrador interno en dicho pasaje de Drácula?,El Conde Drácula mismo.,Personaje narra
En donde descansa Lucy en el relato?,Señorial mausoleo de su familia en un solitario cementerio lejos de Londres.,Lugar sepultura Lucy
En que lugar se producen historias sobre la 'Dama Fanfarrona'?,Brezal de Hampstead.,Lugar eventos
Quien es la persona recibiendo carta confidencial el 24 de septiembre?,La señora Mina Harker.,Destinatario
Quién es Van Helsing en contexto del texto?,"Un médico y profesor holandés especialista en neuropatología que se involucra en la investigación sobre los sucesos extraños ocurridos en el libro, amigo cercano de Abraham van Hellsing (Error de ortografía en nombre) puede ser Bram Stoker refiriéndose al personaje ficticio.",Personaje
Por qué Van Helsing escribe carta a Mina Harker?,Compartirle la muerte de Lucy Westenra y pedir su ayuda en un asunto muy importante que está investigando relacionado con sus amistades.,Motivo Carta
Quién envia telegrama a Van Helsing el 25 de septiembre?,Mina Harker.,Remitente Telegrama
Para quien viaja Van Helsing el día 25 de septiembre en este contexto?,WILLHELMINA HARKER (Mina),Destinatario Viaje Van Helsing
Qué temor le causa a Mina Harker al esperar la visita de Van Helsing el 25 de septiembre?,Esperaba que le iluminara sobre el horroroso diario de Jonathan y la experiencia de este último.,Anxiety esperando Van Helsing
Quién visita Mina el 25 de septiembre en este contexto?,Dr. van Helsing.,Visitante en casa Mina
Cuál es la impresión inicial de Mina sobre Van Helsing?,Su cabeza le impresionó como indicativa de fuerza de pensamiento e inteligencia.,Impresiones sobre Van Helsing al verlo
Quién visita a Mina después de leer las cartas de Lucy Westenra en novelda Bram Stoker 'Drácula'?,Doctor van Helsing.,Personaje visitante
Que busca el Doctor van Helsing cuando llega a ver a Mina?,Investigar sobre los hechos relacionados con sonambulismo que sucedieron con Lucy.,Motivo de visita
Qué objeto le ofrece Van Helsing a Mina al comenzar la conversación?,Un diario estenográfico que contenía las notas tomadas por Mina durante el tiempo en Whitby junto a Lucy.,Regalo inicial
Cuanto tiempo despues de leer cartas de Lucy Westenra van Helsing visita a Mina?,Inmediato.,Tiempo entre hechos
Que encuentra Van Helsing en el diario estenografico de Mina?,"Claridad sobre los hechos relacionados con sonambulismo que sucedieron con Lucy Westenra, lo cual le abre las puertas para entender la situación.",Descubrimiento realizado tras lectura
Cuanto elogio le hace Van Helsing a Mina?,Es una mujer muy lista y luz en una oscuridad.,Elogios hacia Mina
Que descubre Van Helsing al leer los papeles de Mina?,Claridad sobre sucesos oscuros relacionados con Lucy Westenra que involucran sonambulismo.,Descubrimiento en diario estenografico de Mina
¿Qué promete Van Helsing hacer para ayudar a Jonathan?,":""Todo lo que pueda por hacerle más fuerte y mantener una vida feliz para ambos.""",Compromiso con el bienestar de la pareja
Cual es su respuesta hacia las historias increíbles sobre su marido?,Pide paciencia a Van Helsing y le pide que no se rieta ni la tenga por tontera.,Respuesta ante lo extraño acerca de Jonathan
Cuándo se envió la carta de Van Helsing a Mina Harker?,25 de septiembre,Fecha carta
¿Cuándo visita el grupo a Jonathan Harker?,Doctor Abraham Van Helsing llega para visitar la casa el día 25 de septiembre.,Visita
En qué horario llega Van Helsing para comer con el grupo?,Anochecer y estar para cenar.,Hora llegada cena
En quien está escribiendo esta parte del relato?,Jonathan Harker.,Narrador temporal
Contra qué enemigo se enfrentan en este momento de la historia?,Creatures desatados por Drácula.,Oponente
Qué sucesión de eventos ocurre en relación a las niñas heridas de Hampstead?,Noticia del periódico con similaridades a las heridas de Lucy.,Novedad externa que impacta el grupo
A quien hace esta comparación de edad entre Matusalén y Old Parr?,Jonathan Harker.,Narrador temporal
Quien desarrolla esta filosofía de abrazar lo inconcreible para comprender la vida?,Profesor Abel Mukerney.,Personaje narrador o experiencia directa
Quien revela la verdad sobre pequeños agujeros en niños a Doctor Seward?,Van Helsing.,Personaje revelador informacion
Que objetivo tiene Van Helsing al revelarle esta informacion a Seward?,Probar su teoria y esperar que pueda apoyarlo.,Intención de Van Helsing
Quién proporciona explicación sobre pequeñas heridas en niños gargantas y sus conexiones con Lucy?,Van Helsing.,Personaje que explica teoria
Ubicacion que Van Helsing lleva a Jonathan para ver la tumba de Lucy?,Cementerio de los Westenra.,Lugar visitado por investigadores
En que situación se encuentran Van Helsing y John después de abrir el féretro en la casa de Lucy?,Van Helsing ha realizado una incisión en el féretro y descubre que está vacío mientras John quedó sorprendido pero impresionado.,Situacion antes de salir del lugar
Cuál es el motivo por el cual Van Helsing sugiere a John mantener la llave?,Debido al temor de que la entrada podría estar en peligro si no se cuida correctamente dicha llave.,Motivo para guardar la llave
¿Qué hace Jonathan Harker mientras Van Helsing patrulla el cementerio?,Se esconde detrás de un tejo y observa desde lejos a su maestro vigilar el lugar.,Patrulla posterior al incidente en casa de Lucy
Donde encuentra Van Helsing y Jonathan Harker después de salir del cementerio?,En un macizo de árboles donde examinan al niño hallado en el lugar.,Ubicacion tras la salida del cementerio
¿Qué decisión toman con el niño encontrado?,Deciden llevarlo a una zona segura del Brezal de Hampstead mientras esperan que un policía lo encuentre.,Acción sobre el niño hallado
En qué lugar se encuentran Van Helsing y Jonathan al día siguiente de los hechos descritos?,"En la ciudad donde preparan para otra expedición, según planea Van Helsing.",Ubicacion el dia seguinte a los hechos del cementerio
Donde y cuando se encuentran Van Helsing y Jonathan tras abrir la cripta de Lucy en este segmento?,En el lugar donde descansan los cadáveres cerca del alba luego de descubrir a una resucitada Lucy dentro del féretro.,Situacion tras abrir tumba de Lucy
Que teorias están aceptadas parcialmente por Jonathan en lo relacionado con la vida dual y la muerte de Lucy?,Teorias de van Helsing sobre las 'nomuertas' y que fue mordida mientras caminaba dormida.,Concepción sobre vampiros
Pregunta,Respuesta,Etiqueta
Que acción propone Drácula para eliminar a la 'nomuerta' al serle pedido por Jonathan?,"Cortarle la cabeza y llenarla de ajo, atravesando su corazón con una estaca.",Eliminación vampírica
Pregunta,Respuesta,Etiqueta
Que reflexión genera el encuentro entre Jonathan y van Helsing acerca del amor?,El amor puede variar entre subjetivo e objetivo.,Amor filosófico
Pregunta,Respuesta,Etiqueta
Que plan establece van Helsing para atender la situación actual y futura?,Actuar ahora eliminando al vampiro que es Lucy sin arriesgar a Arthur. Mantener la vigilancia sobre ellos todos.,Estrategia antivampiro
Qué plan propone van Helsing para proteger a Lucy?,Ir solo al cementerio vigilar durante la noche y preparar unas herramientas como ajos y crucifijos para sellar su sepultura.,Protección de Lucy
Pregunta,Respuesta,Etiqueta
Que mensaje escribe van Helsing para Jonathan Seward?,Un aviso en caso de accidentes mientras él vigila el cementerio la noche entera con fines preventivos.,Advertencia a Seward
Que situación anticipa van Helsing para Godalming?,Relata eventos extraños que pueden haber ocurrido y solicita su asistencia en el cementerio de la iglesia para enfrentar algo muy grave.,Solicitud a Arthur Godalming
En que lugar se lleva a cabo la discusion entre personajes principales sobre sus dudas en Bram Stoker's Drácula?,El cementerio de la iglesia de Kingstead.,Lugar discusión
En que momento del capítulo hablan personajes principales de Drácula sobre la posibilidad de Lucy estar afectada como 'muerta viva' o 'no muerta'?,"El momento se da tras una discusión previa en el cementerio de Kingstead, donde profesor van Helsing revela esta teoría sobre Lucy.",Discussión
"En el cementerio de Kingstead durante la discusion entre personajes principales al respecto de una tumba especial, quien abrió la puerta y encendió una linterna?",Doctor van Helsing.,Apertura tumba
Quien encontró el féretro vacío en Drácula?,Van Helsing junto con otros personajes.,Personaje acción específica
Dónde se encuentra el féretro vacío en ese momento?,Castillo de Carfax cerca de Londres.,Lugar
En qué circunstancias revela Van Helsing acerca del féretro vacío?,Al ser preguntado por Quincey Morris sobre si extraió el cuerpo o lo manipulo.,Duda resuelta
Qué material utiliza Van Helsing para cerrar la tumba?,La Hostia traída de Ámsterdam.,Objeto utilizado por Van Helsing
Con permiso de quien tiene Van Helsing el derecho para usar La Hostia en tal situación?,No se especifica directamente en el texto pero Van Helsing actúa con autoridad y respeto al uso.,Autorización
Quién se encuentra frente a los personajes después de que la luz de la luna ilumina el área en Drácula?,La transformada Lucy Westenra.,Personaje revelado
Descripción del rostro malvado al abrir la tumba en 'Drácula'?,"Un hermoso rostro se convierte repentinamente en uno lleno de rabia y maldad con ojos lanzando chispas y una frente arrugada como colas de serpientes, dejando al descubierto su sangrientamente sonrisa.",Descripción
Cuándo van los protagonistas al cementerio después de una noche de insomnio en 'Drácula'?,La visita al cementerio se lleva a cabo el 29 de septiembre a las una y media de la madrugada.,HoraDeCementerio
Qué explicación del profesor sobre la transformación de Lucy en vampiro en 'Drácula'?,"Van Helsing relata cómo el proceso implica inmortalidad y un aumento de malvados muertos vivientes que se propagan a través de ataques similares, formando un círculo destructivo.",ExplicacionCambioLucy
me escapa— y, en cuanto acabó, sacudió las manos como si intentara deshacerse de algo pesado y 
Accion requerida para liberar a Lucy Moya de control vampiro?,"Arthur debe traspasar su cuerpo con una estaca en la oscura cripta donde se encuentra el cadáver transformado, como señala Van Helsing.",Liberación
Accion realizada para salvar a Lucy de las garras del vampiro?,Arthur traspasa el cadáver transformado con una estaca en el corazón bajo la dirección de Van Helsing mientras los demás oran.,Liberacion de Lucy
Objetivo posterior a salvar a Lucy en el grupo?,Buscar al autor de sufrimientos y liquidarlo.,Seguir Buscando Autor
Quién envió telegrama a Abraham Van Helsing en ausencia?,MINA HARKER.,Remitente Telegrama
Donde llegaba Jonathan en el telegrama?,Whitby.,Lugar Arribo
Que información consideraba El Professor importante recibir de inmediato?,Noticias importantes.,Informacion Urgiencia
En que dispositivo grababa Abraham Van Helsing sus conocimientos?,fonógrafo.,Dispositivo Grabacion
Que objetivo tenía Abraham Van Helsing al permitir a Mina escuchar los cilindros metálicos huecos cubiertos de cera oscura?,Conocer mejor su personalidad antes de oír historia horrible.,Intencion Permiti Escucha Cilindros
Quien relata emocionado los ojos llenos de lagrima del personaje femenino?,Mina.,Personaje
Que libro están analizando sus detalles este pasaje?,Drácula de Bram Stoker.,Libro
Quién lee el diario de Jonathan Harker y está decidida a compartir lo aprendido para ayudar en la lucha contra Drácula?,Mina.,Personaje que proporciona información
A quién lee el diario de Jonathan Harker y le da a entender su contenido en forma grabada para Mina?,El doctor Seward.,Personaje ayudante con información
En qué momento del libro comienza a leernos la historia registrada por Lucy en forma de grabación?,29 de septiembre en el diario de Mina Harker.,Fecha de evento relacionado
Quién lee el diario de Jonathan Harker y lo traduce a máquina para ayudar al grupo de lucha contra Drácula?,Mina.,Personaje que proporciona información
Que pasa con el paciente sospechoso en el momento descrito?,Se presenta como alguien cordial y racional.,Estado del Paciente
De que lugar habla Victor sobre ir despues de recibir un mensaje amable del señor Billington?,Whitby.,Lugar Destino
Que objetivo persigue Jonathan Harker al entrar en contacto con el señor Billington?,Seguir hasta su casa de Londres el horroroso envío del Conde Drácula.,Objetivo de Investigacion
Que descripcion obtiene Jonathan Harker sobre el proceso de transporte y recibido del envio del Conde Drácula?,Trabajo extraordinariamente duro y una sed incontrolable.,Descripcion de Proceso Transporte
Que descripcion le da Victor sobre su estado emocional al conocer el regreso animado y energizado de Jonathan?,Se siente aliviada pero con ansiedad.,Estado Emocional de Mina al Ver a Jonathan
Que pasa entre Jonathan Harker y lord Godalming sobre los acontecimientos relacionados con Lucy?,"lord Godalming comprende la magnanimidad de Jonathan por haber compartido todo lo que leyo en los documentos y diarios, al mismo tiempo reconoce su propio dolor y la profunda amistad Lucy mantenía con él. Enfrenta sus emociones frente a Jonathan y le pide ayuda como hermano.",Emocional
Que sucede entre Jonathan y lord Godalming luego de una intensa conversación emocional?,"Godalming se da cuenta de lo extraordinario que ha sido la actitud de Jonathan hacia él en ese momento difícil, reconociendo su propia pena por perder a Lucy y la gran amistad que ella mantuvo con él. Piden ser hermanos bajo el auspicio del recuerdo de Lucy y ambos prometen estar para siempre disponibles mutuamente cuando lo necesiten.",Emocional
Que sucede entre lord Godalming y Jonathan Harker después de hablar profundamente acerca de Lucy?,"Godalming se da cuenta de la gran actitud empatía que ha manifestado Jonathan hacia él durante su dolor por la pérdida de Lucy y la gran amistad que ella mantuvo con él, lo cual los une como hermanos bajo el recuerdo de Lucy y prometen ayudarse mutuamente en cualquier momento necesario.",Emocional
Quién habla con señoritas diferentes sobre Drácula antes de estar en el sanatorio?,El Doctor Seward a quien renfield se refiere.,Relación anterior
Cuál es la ocupación de Renfield antes de su llegada al sanatorio?,Paciente en un asilo para alienados.,Antecedente profesional
Quién afirma haber creído que ingerir seres vivos prolongaría su vida eternamente?,Se refiere a Renfield.,Creencia extremada de Renfield
Cuál es la opinión de Van Helsing sobre incluir los detalles personales en el diario?,Considera que no es necesario omitirlos si Mina lo desea porque fortalece la relación entre ellos y aumentará su respeto e estimacioń.,Aceptación de personal en registro
Quien conduce la reunión en el estudio del doctor Seward?,Profesor Van Helsing.,Lider de reunión
En que fecha se desarrolla esta reunión?,30 de septiembre.,Fecha
Que tipo de enemigo enfrentan los participantes de dicha reunión?,Vampiros.,Oponente
Como se inicia el compromiso en la lucha contra vampiro según Van Helsing?,Toma de manos para expresar solidaridad y promesa de lucha.,Compromiso
En qué países se encuentra la historia del vampiro Drácula?,"Grecia, Roma antigua, Alemania, Francia, India y China.",Origen mitológico
Qué habilidades muestra Drácula en la obra?,"Transmutación en lobo, aparición en lugares mediante niebla que produce, movimiento pequeño para pasar por estrechos espacios, visión en oscuridad y entrada a ciertos lugares con ayuda de los habitantes.",Poderes
Que horas tiene Drácula limitación de movimiento?,Mediodía o la precisa hora de puesta del sol o amanecer,Restricciones de movimiento
Con qué elemento natural está sometido Drácula?,Día.,Soberana fuerza sobre el vampiro
Que medida toman para destruir definitivamente a Drácula?,Encontrar el lugar donde reside Drácula y usar todo su conocimiento para mantenerlo en su ataúd e inconsciente hasta que lo destruyan.,Plan de acción contra Drácula
Donde provienen los conocimientos del Profesor sobre Drácula?,A través de investigaciones realizadas por Jonathan Harker y el trabajo de Arminius en la Universidad de Budapest.,Información sobre Drácula recopilada
Que efecto tiene la mención de murciélagos sobre Mina Harker?,Inflige gran miedo y horror a ella.,Miedo de Mina a los Murciélagos
Quien acude a ver a Renfield en el momento de su urgencia?,El Doctor Seward.,Personaje visitante
En que momento del libro se menciona el mensaje urgentizado a Seward por Renfield?,"Del diario del doctor Seward el 1 de octubre, a las cuatro de la mañana.",Fecha y Momento
Quien es considerado inventor del ponche de ron conocido en Derby Night?,Un hombre querido y respetado por todos los que lo conocían.,Personaje creativo
Quién le ruego para obtener libertad de Renfield en este contexto?,El profesor van Helsing.,Personaje que interviene en la solicitud de libertad
Cómo reacciona el paciente en esta escena cuando Jonathan trata de salir con ellos?,Se dirige hacia Jonathan y hace su petición de confianza y libertad mientras muestra emoción.,Reacción del Paciente
Que pedido expresa el paciente a los médicos en este pasaje?,Pida ser liberado de la casa y se lo permitan llevarse donde quisieran bajo cualquier restricción.,Petición al Médico
Qué opinión expresa Van Helsing sobre el comportamiento de Renfield?,Cree que Renfield es inteligente y tiene algún propósito oculto pero lo mantiene encerrado por precaución.,Van Helsing's Thoughts on Renfield
Que objetos proporciona el profesor como protección en la casa de Drácula?,"Un crucifijo de plata para Jonathan y una collar con cabezas de ajos, revólver y puñal para todos, linternas eléctricas y Hostia Santa oculta para emergencias.",Protecciones del Profesor
Quien abre la puerta en el relato después del profesor Van Helsing?,"No se especifica un nombre particular, pero su acción es descrita como algo similar a los demás al entrar.",Personaje acción no identificado específicamente
Qué número de cajas quedan al examinar el lugar en la historia?,Solo quedan veintinueve de las cincuenta.,Número restante de cajas encontradas en escena
Qué animales son llamados para controlar la infestación de ratas en la historia?,Tres terriers son llamados por lord Godalming desde el exterior de la casa.,Animales llamados para resolver infestacion
"Cuando salieron de la casa Carpathian después de cerrar puertas y registrarla?,",Amanecer estaba irrumpiendo por levante.,Hora
Como se describen perros durante la búsqueda de la casa?,Jugaban como si estuvieran cazando conejos en el bosque durante una noche de verano.,Estado animales
"Que nota hace Van Helsing sobre su experiencia en la primera visita a la mansión?,",Primer paso difícil y peligroso que se realizó sin daño y además conocieron cuál es el número de cajas faltantes.,Comentario Van Helsing
"Que tipo de lección aprenden sobre los animales bajo control del conde?,",Animales no son dociles al espíritu del conde y pueden desobedecerlo.,Lección acerca animales
"Descripción del estado de casa al llegar?,",Sumida en silencio profundo excepto por un ruido doloroso proveniente de Renfield.,Silencio en casa al llegar
"Donde descansaba Mina cuando lo encontró?,",En su habitación dormida respirando con tanta suavidad que tuvo que acentuar el oído para escucharla.,Descanso de Mina
"Que decisión toman referente a involucrar a Mina en sus planes?,","La consideran demasiado delicada para soportar la tensión y mantienen silencio sobre su trabajo, aunque preveen que podría sospechar.",Mina y plan de trabajo
"Cuál fue el número de cajas determinadas de haber sido retiradas?,",Veintiún cajas fueron retiradas.,Cantidad de Cajas robadas
"Qué planean hacer durante la visita de Van Helsing a Thomas Snelling?,",El Dr. Seward irá solo ya que no desea hacerlo esperar al profesor.,Preparaciones para visita Snelling
"Cuál es el estado de humor del paciente cuando entra Van Helsing?,","Sentado en una silla con rostro hosco, malhumorado y sin hablar.",Estado de ánimo de Renfield al recibir a Van Helsing
Quienes están de acuerdo en no enviar a Mina al centro de los eventos del vampirismo?,Jonathan Harker y todos los demás hombres fuertes que rodean a Mina.,Acuerdo
Como reacciona Mina al conocer que Jonathan oculta información sobre el vampirismo?,Sentimientos de incómodidad y llorando.,Emociones
Qué hace Mina cuando los hombres salen de la casa para investigar las desapariciones de las cajas?,Escribe su diario.,Continúa escribiendo su diario
Dónde transcurre la experiencia de Mina mientras Jonathan asiste a Renfield?,En su habitación dormida.,Estado durante ausencia de Jonathan
Qué se produce cuando Mina tiene visiones mientras está dormida?,Recuerda ser abordada por Drácula y presenciar a los enfermeros luchando con Renfield.,Sueños
Que experiencia vive Mina durante su sueño mientras Jonathan está fuera de la casa?,Ve a Drácula aproximándose con niebla y el fantasma de Lucy aparece.,Sueños
Quienes vislumbran ojos rojos en la noche según las visiones de Mina durante el sueño?,Lucy hablando de los fantasmas que vieron cerca de Santa María iglesia.,Referencias en Sueños
En que momento de la narrativa Jonathan Harker se preocupa por dormir bien debido a su estado?,Dos dias después del comienzo de su viaje tras pasar una noche fatigada.,Fatiga durante el viaje
Quién le visita a Mina y causa una nueva debilidad en ella?,Señor Renfield.,Visita emotivo para Mina
Qué medicamento pide a Doctor Seward para dormir bien?,Una pastilla para dormir adormecedora que no ocasionaría ningún daño segun él.,Solicitud de medicamento
En que localización de Londres planea Drácula establecer algunas de sus guaridas?,Numero 197 de Chicksand Street en Mile End New Town y Jamaica Lane en Bermondsey.,Guaridas Planificadas por Drácula en Londres
Quién informa a Jonathan sobre las cajas depositadas y dónde encontrar más detalles?,Joseph Smollet.,Información adicional sobre cajas
Quien le informa a Jonathan Harker acerca de una posible fuente de más datos sobre cajas robadas?,Sam Bloxam.,Otra fuente de información en Londres para Jonathan
A quién está direccionado Jonathan para pedir más detalles sobre Sam Bloxam?,Doctor Seward.,Informando su salida por investigar a Sam
Donde encuentra Jonathan la ubicación de Sam Bloxam basada en la carta recibida por correo?,"Corcoran's House en Potter's Court, Bartel Street, Walworth.",Localización de Sam en Londres
Dónde buscaba Jonathan encontrar a Bloxam en su obra?,Empieza en Poplar y luego localiza la construcción en Cross Angel Street de almacenes refrigerados.,Búsqueda de Personaje
Quien le proporciona información sobre Bloxam a Jonathan Harker?,Guardián y capataz del lugar donde trabaja Bloxam.,Personajes Involucrados
Que relación tiene el capataz con Bloxam en el libro?,Trabajo subordinado donde el capataz le ayuda a encontrar informaciones sobre Bloxam a cambio de dinero.,Relación Laboral
En donde descubre Jonathan la casa que le describe Bloxam?,En Piccadilly.,Ubicación Descubierta
Pregunta,Respuesta,Etiqueta
Que características señala Jonathan en la casa de Londres?,"Estaba desocupada mucho tiempo, ventanas llenas de polvo y levantadas persianas.,Estructura Decayente
             Balcón superior con anuncio retirado bruscamente.",Detalles Casa Londres
Quien le provee a Jonathan con información sobre la compra reciente de casa de Piccadilly?,"Agentes de mudanzas Mitchell, Sons & Candy.",Informantes profesionales
"Cuál es la motivación del caballero en Mitchell, Sons & Candy para negarse revelar más datos al principio?",Protección de confidencialidad de los clientes.,Etiqueta Profesional
Quien le entregó dirección al Dr. Seward a Jonathan Harker?,Conde Drácula.,Entrega de informacion
En que momento Jonathan Harker comenta sobre descubrimientos en su diario para compartirles con otros?,Despues de cena y de un pequeño intermedio musical.,Diario y comparticion de hallazgos
Quién rechazó a Van Helsing para recibir al doctor Seward?,Renfield.,Rechazo de Van Helsing
A quien se dirigen las observaciones de Renfield sobre el destino?,"Superiormente a los mortales, personajes como Malvolio o antiguos.",Metafora Renfield sobre su papel
Quién comparó su posición intelectualmente con Enoch?,Renfield.,Metáfora Renfield sobre su papel y inteligencia
"Cuál es el estado mental de Renfield al hablar de consumir vida como Dios?,",Locura pero astuta.,Estado de mente en conversación sobre consumir vida
Quien es Renfield en el relato de Drácula?,Un paciente mental que tiene interés especial por ingerir animales vivos.,Personaje
Donde se encuentra a Renfield durante estas escenas?,En su habitación del manicomio.,Lugar
Qué le pregunta Seward al iniciar la conversación con Renfield acerca de los espíritus?,"¿Qué me dice de las almas?, refiriéndose a sus propias opiniones.",Pregunta sobre Creencias
Que tipo de animales consume exageradamente Renfield en la historia?,"Ratas, ratones y otros insectívoros.",Animales Consumidos
"Cuando Seward recuerda el comportamiento repentino de Renfield ante un determinado tópico, ¿qué palabra coincide con su pensamiento?",Almas.,Palabra Suscitada Reacción
Que evento desencadena la investigación sobre el conde Drácula?,La preocupación por Lucy tras conocer al misterioso Conde.,Estímulo para Investigación
¿Qué es el rol de Jonathan Harker dentro de este grupo de investigadores?,El recolector de informaciones y observador directo del comportamiento del conde Drácula.,Personaje en Investigación
En que momento se produce el accidente de Renfield según el relato de Jonathan Harker?,3 de octubre.,Fecha incidente
Que sucede con Renfield en la historia de Drácula antes del accidente mencionado por Jonathan Harker?,Renfield estaba durmiendo profundamente cuando Jonathan lo miró por las habitaciones luego de salir a investigar el conde.,Estado Renfield antes
Que comento Jonathan Harker al oír sobre el accidente de Renfield?,Debe ir a verlo inmediatamente...,Reacción ante su estado
Quien es el profesor que llega para asistir a Renfield en el incidente descrito?,Van Helsing.,Profesional médico que ayuda a Renfield
Quien operara a Renfield en el estado crítico descrito por Jonathan Harker?,Van Helsing.,Médico cirujano que practica trepanación para ayudarlo
Que experiencia describe Jonathan al comenzar operacion sobre Renfield?,La respiración de éste es estertórrea durante los primeros momentos y luego se vuelve prolongada casi hasta el punto de que le podría rasgar el pecho.,Emociones durante Operacion
Quien indica empezar la operacion sobre Renfield?,El profesor al advertir tiempo sin perder.,Decision de Operacion Comienzo
Que sueño cuenta Renfield luego de recuperarse post-operación?,"Un terrible sueño que le hizo sentir débil y temblar, así como una visión de los doctores en sus oscuros rostros observándolo.",Revelacion Sueño Renfield
Que revelacion cuenta Renfield sobre su encuentro nocturno?,Relata una figura masculina con feroz mirada y dientes brillantes quien hace cosas sin hablar palabras pero cumpliendo sus deseos.,Encuentro Nocturno Descripcion
Que animal relaciona van Helsing con las palabras de Renfield sobre susurros polilla Calavera?,La Acherontia Atropos o Polilla de la Calavera.,Animal Relacionado Palabras Renfield
"Que observaciones hace Renfield acerca de la entrada de Drácula a su cuarto?,",Cuenta como se introduce a pesar del cierre y con una mirada superior y sin mostrar su misma olor.,Entrada Dracula en Habitacion Descripcion
Cuando relata su enfrentamiento con el Conde en casa suya?,Lucy.,Personaje específico
Que acción desencadena la entrada del grupo a Lucy's room?,Forzaron la puerta abierta para entrar.,Acción especifica
Quién aparece junto a Lucy Harker al encontrarse Jonathan?,Conde Drácula.,Personaje específico
Cómo es descrito la entrada del grupo en la habitación de Lucy?,Forzaron la puerta para ingresar bruscamente.,Acción específica
Cuál es la reacción de Jonathan Harker al ver a su esposa Mina con el Conde Drácula?,Se encuentra en shock.,Emoción específica
"Quien habla las palabras '¡Sucio, sucio!' en el contexto?",Mina.,Personaje
¿Quién está extendiendo sus brazos para abrazar a Mina al final de este pasaje?,Jonathan Harker,Personaje
Quién descubre los manuscritos quemados en el estudio?,Arthur Holmwood.,Personaje
Donde se dirigió el murciélago observado por Quincey Morris?,Hacia el oeste.,Acción de Personaje
Cómo describía Mina el efecto de la droga?,"Comenzaron a aparecer una infinidad de fantasmas en su imaginación relacionados con muerte, vampiros y dolor.",Descripción de Experiencia
Que acción intenta Mina para ayudar a la medicina hacer efecto?,Forzó a dormirse.,Acción Personaje
Que sucesión de eventos describe cuando Lucy visita a Drácula por primera vez en su castillo?,"Lucy se encuentra con un monstruo con labios entreabiertos y ojos rojos, quien la somete y bebe su sangre.",Primer Encuentro
En que fecha se produce el encuentro entre Jonathan y Drácula fuera del castillo?,3 de octubre.,Fecha encuentro
Que medidas adoptan los miembros del grupo para proteger y cuidar a Mina luego del descubrimiento de sus heridas?,Deciden informarla completamente sobre su situación y no ocultar nada. Establecen una rutina donde uno de ellos se queda atento al llamado de ella mientras los demás organizan todo lo necesario para actuar.,Plan de Acción
Que palabras de consuelo le dirige van Helsing a Mina sobre no suicidesia?,"Hay alguien que estaría dispuesto a hacerlo si fuera por su bien... Pero, querida señora... Hay aquí varias personas que se levantarían entre usted y la muerte. No debe usted morir de ninguna manera...",Mensaje de Apoyo
Que estrategia propone van Helsing para derrotar al conde Drácula en el momento actual?,En ese dia es nuestro y en ellos reposan nuestras esperanzas. Primeramente encontraran todos sus refugios para esterilizarlos y luego intentar atraparlo en alguna trampa segura una vez esto haya sido desecho asegurarse que su captura y aniquilación resulten seguras,Plan de Accion
Que ejemplo cuenta Van Helsing sobre un caballero ingles para enseñarles una técnica de entrada a una casa sin alarmas?,Relata la historia de un hombre que dejó su casa cerrada durante el verano y luego un ladrón rompio una ventana trasera para ingresar e imitar normalidad hasta vender todas sus pertenencias y finalmente venderla al constructor para levantarla en su lugar.,"Metodo Alternativo"""
Quién sugiere utilizar vehículos alquilados durante sus misiones?,Jonathan Harker(Morris),Personaje proponiendo estrategia
Que medida propone Lord Godalming para prepararse ante eventualidades en el caso de ser necesario huir a caballo?,Comunicarse con su red social de amigos para obtener transporte,Preparación contra escape urgente
Que lugar es objeto de atencion para su posible refugio?,Cercanías de Piccadilly,Ubicacion del supuesto albergue del Conde Dracula
Que papeles del conde podria ayudar a Jonathan Harker debido a su estancia en Transilvania?,Indicios que interpretara debido a su conocimiento del lugar,Papeles relevantes para Jonathan
Que objeto saca efecto dramático en la frente de Mina?,Fragmento de Sagrada Hostia,Objeto que quema a Mina como si fuera metal al rojo vivo
Palabras de aliento y consuelo en 'Drácula'.,Había esperanza en sus palabras y también consuelo,Consuelo e inspiración
Promesa realizada entre miembros del grupo a Mina y el anciano.,"tomándonos de la mano, juramos ser sinceros unos con otros y pedimos ayuda y guía en la terrible tarea que nos esperaba.",Juramento
Motivos del Count Drácula para ir a Londres en 'Drácula'.,en busca de sangre fresca y para escapar de su pasado en Transilvania.,Motivación
Acto final en Carfax House.,"Mientras hablaba, sacó del bolsillo un destornillador y una llave y, muy pronto, la tapa de una de las cajas fue levantada. Fue santificada para el uso del hombre, y ahora vamos a santificarla para Dios... El profesor dijo solemnemente al salir el templo Carfax: 'Es posible que logremos tener el mismo éxito en los demás lugares'. Lo último que vi de ellos fue cuando me saludaba con la mano.",Final
Vuelven a visitar asilo donde está Mina Harker.,"miré ansiosamente, y en la ventana de nuestra habitación vi a Mina. La saludé con la mano y le dirigí un signo de asentimiento para darle a entender que nuestro trabajo allí había concluido satisfactoriamente.",Regreso al asilo
Planes futuros por parte de Godalming y Quincey una vez en Londres.,"Poco antes de que llegáramos a Fenchurch Street, lord Godalming me dijo: —Quincey y yo vamos a buscar un cerrajero.",Nueva misión en la ciudad
Ubicación donde esperan a otros miembros antes de ingresar en casa de Drácula.,"nos sentamos en un banco, a la vista de la casa y comenzamos a fumar unos cigarros puros.",Espera fuera del objetivo
Llegada de Godalming y Morris con ayuda para abrir puerta,"Finalmente, vimos un coche de cuatro ruedas que se detenía cerca",Nuevos refuerzos llegan
Donde encontraron los miembros del grupo a Jonathan Harker la caja que faltaba en Transilvania?,Patio cercado con muros de piedra y caballerizas encaladas.,Lugar
En el comedor de la casa del Conde Drácula hallaron cuantos de los diez cajones?,Ocho.,Cuenta encontrada
Como se describió al Conde Drácula tras enfrentarse a la cruzada contra él por parte de los miembros del grupo?,anciano macilento y enjuto con cabello blanco adaptándose bien a sus ojos brillantes hundidos en cuencas.,Descripción física posterior
Cuál era el objetivo del profesor al mantener ocupadas las mentes de los miembros del grupo esperando a lord Godalming y Quincey Morris?,Evitar su abrumamiento por tristeza.,Motivación psicológica del Profesor
Quién visita a los vampirologos en este momento de 'Drácula'?,lord Arthur y Quincey Morris.,Personajes entrantes
Cuanto tiempo llevan esperando antes de la llegada del vampiro según van Helsing?,Un buen rato después de las 1:20.,Tiempo espera antes de sol nace
Cuando esperan a que aparezca el vampiro según van Helsing?,Entre las 4:00 a la puerta de la casa.,Horario espera sol nace
Cual es el ultimo mensaje del conde Dracula a los personajes antes de huir?,Tienen tiempo para comprender su destino en sus manos y como las mujeres que aman son susya.,Despedida del vampiro
Que acciones realizaron Van Helsing y Arthur tras retirarse de las caballerizas sin encontrar al Conde Drácula?,Regresaron a la casa de Arthur para prepararse su siguiente movida junto a otros miembros del grupo mientras consolaban a la Señora Harker.,Plan de Acción
Cómo se comporta Mina Harker al enterarse por primera vez sobre el día de Jonathan en las propiedades del Conde Drácula?,Muestra valentía y calmamiento a pesar de la situación grave.,Actitud Frente Al Peligro
En qué momento Jonathan Harker registra sus pensamientos sobre el siguiente paso del grupo frente al misterio de Drácula?,Al finalizar la reunión donde se discutió la situación después de los eventos sucedidos.,Plan de Acción Futuro
Quien despertó a Jonathan Harker durante la noche en el cuento?,Mina.,Personaje
Que sucede cuando Jonathan intenta dormirse nuevamente después de ser despertado por Mina?,Escribió sus pensamientos para tratar de relajarse.,Acción de Jonathan
Quién pide que se busque al profesor durante la madrugada en este extracto?,Mina.,Personaje solicitante
En este fragmento quién desea ser hipnotizado por el profesor van Helsing?,Mina.,Personaje solicitante hipnotismo
Cómo se ve a Mina durante la sesión de hipnotismo?,"Absolutamente inmóvil, con ojos cerrados y respiración visible.",Descripción de Mina en estado hipnótico
Donde se encuentra Mina según su estado hipnótico?,"Un lugar desconocido con ruido de agua, pequeñas olas y hombres corriendo cerca.",Lugar imaginar por Mina durante hipnotismo
Quien habla la frase 'Adelante! Como diría nuestro amigo Arthur...'?,El profesor van Helsing.,Personaje que hace esta afirmación filosófica en el contexto
Que motivo hace que el vampiro regrese a Transilvania?,"Se dirige directamente a su último recurso..., a su última obra terrestre y busca refugio en la tumba de Lucy que creía similar a él, sin embargo no tenía tiempo para llegar antes de puesta del sol.",Motivacion vampiro
En cual lugar se encuentra el vampiro durante la narración?,Ha regresado a su castillo en Transilvania.,Ubicacion vampiro
Quien envía mensaje al Dr. Seward para quedarse con Mina Harker?,Van HelSING.,Remitente mensaje 
En que lugar van los personajes a buscar informacion del barco de Dracula?,Describen los pasos tomados para averiguar sobre el barco y rumbo que siguió el conde Drácula al huir.,Busqueda barco vampiro
Quién está presente en la reunión donde se comunican los hallazgos de la investigación?,"El profesor Van Helsing, lord Godalming, el doctor Seward, el señor Quincey Morris, Jonathan Harker y Mina Harker.",Integrantes reunion investigacion
Que informacion obtienen sobre el barco utilizado por Dracula?,"Descubren que el Czarina Catherine es el buque con destino al Mar Negro que partió aprovechando las mareas. El mismo fue apresuradamente contratado por un hombre alto, delgado y pálido con apariencia misteriosa.",Barco Dracula
En dónde localizan a quienes les pueden proporcionar información sobre el barco?,Vienen a Lloyd's donde se mantiene registro de todos los barcos pequeños aunque no aparezcan en el Times.,Localización informacion barco
Quien intercambia malas palabras con alto hombre delgado sobre la posicion de su caja?,Capitan.,Personaje
Que barco es el objetivo del hombre alto delgado para transportar la caja?,Czarina Catherine,Barco referencia
En que situacion se presenta nuevamente el hombre alto delgado al capitán después de la pleamar?,Después de que el barco estuvo cubierto por densa niebla.,Tiempo de Aparecimiento
A quien van dirigirse tras abandonar el barco Czarina Catherine para cazar a Conde Drácula?,Doctor Van Helsing y compañía.,Personajes en acción
A que se compara el comportamiento del Conde Drácula con respecto a sus enemigos?,Un Devorador de hombres o Tigre.,Metáfora
Quien habla en la frase 'Siento una maravillosa paz y descanso esta noche...'?,Mina Harker en el diario de doctor Seward.,Personaje
"Cuando se reúnen para discutir su próxima acción ¿quién habla sobre la necesidad de mantener alentado al grupo?,",John Seward.,Personaje
Cuando planean salir como fecha límite?,El día diecisiete.,Fecha Salida
En qué lugar estarán antes que el encuentro de Catherine Czarina?,Varna.,Anterior Lugar Encuentro
Quien sugiere traer Winchester?,Quincey Morris.,Personaje Armas
Cuál es la opinión de van Helsing sobre los Winchester?,Los Winchesters son muy convenientes para la caza.,van Helsing Sobre Armas
¿Quién se mantiene apartado del conocimiento de los planes debido al consejo de Van Helsing?,Harker.,Personaje Guardando Secreto
Qué promesa pide Mina a Jonathan?,Promesa de mantener su secreto sobre planes contra Drácula.,Mina y Secreto
Cuándo se realiza la promesa de Jonathan con gesto solemne?,Inmediatamente después de que Mina explica sus deseos.,Gestión Promesa
"Quién propone acompañar al grupo en su viaje?,",Mina.,Personaje Propone Viajar
Por qué seguridad Mina se refiere cuando pide ir con ellos?,Se refiere a estar más protegida por los hombres que la rodean.,Seguridad Mina
Que opinión expresa el Sr. Morris sobre la espera de una oportunidad?,No esperara a que se presente alguna y abrirá la caja cuando vea esta para destruir al monstruo.,Oposición al Plan Profesor Van Helsing
Como actuaran van Helsing y compañía una vez tengan oportunidad segun su plan?,"Al identificar la caja con rama de rosal silvestre sobre ella, abrirían cuando estén a solas y actuarían contra el monstruo.",Acción Plan Profesor Van Helsing
Quién mantiene el registro sobre los acontecimientos después del estado de Jonathan Harker?,Doctor Seward.,Tomador del Diario
Quienes reciben promesa de ayuda por parte de la señora Harker?,Todo el grupo incluyendo a su esposo Jonathan.,Destinatarios Promesa
Quién jura fidelidad a Mina después de sus declaraciones?,"Lucas sombrisando Van Helsing, luego lord Godalming.",Promesa tomada
Quien recuerda su acción sobre la muerte de Lucy Westenra?,Doctor van Helsing en relación con Lucy.,Recuerdo Histórico
A qué advertencia les hace referencia Mrs. Harker antes de que se rompa el momento emocional?,De que aparecería la mujer vampiro rápidamente y contra ellos.,Advertencia
Desde qué lugar Jonathan Harker envía su último registro?,Varna.,Ubicación Actualidad
Cuándo llega el grupo a la ciudad de Varna?,Aproximadamente a las cinco del día 15 de octubre.,Arrivo Fecha Especifica
¿Qué actividad lleva a cabo Lord Godalming al llegar a su destino?,Se dirige al consulado para revisar posibles mensajes pendientes,Acción Inmediata
Desde cuál ciudad Jonathan Harker envía un registro después de llegar a Europa?,París.,Llegada Europa Ciudad
Cuando el grupo llega a Varna hacia qué fecha aproximada se encuentra el barco Czarina Catherine en camino?,Apenas recién saliendo del mar.,Barco Etapa Fecha Relación
Qué acciones planean hacer si encuentran al conde Drácula en su habitación?,Van Helsing y el doctor Seward cortarían la cabeza del conde y atravesarían el corazón con una estaca.,Acción contra vampiro
Quién recibió telegrama sobre avistamiento de Czarina Catherine?,lord Godalming.,Personaje telegrama recibido
En cuanto acontecimiento se espera Czarina Catherine en texto?,Los Dardanelos.,Lugar esperado
Qué opinan Van Helsing y Seward sobre el estado de Mrs Harker?,Se preocupan ya que veen un cierto letargo en ella que no les gusta aunque mantienen secreto.,Estado de Personaje
Qué información recibe telegrama sobre el barco Czarina Catherine?,El barco entró en Galatz hoy a la una.,Información sobre barco esperado
Cuanto tiempo tiene que transcurrir antes de llegada del siguiente tren a Galatz según la novela Drácula?,Mañana a las seis y media.,Tiempo
Causa por la cual van Helsing y John creen que la esposa de Jonathan puede ser importante contra el Conde Drácula?,Porque está libre de influencia de Drácula y podría utilizarse su mente entrenada para combatirlo.,Importancia
"En la perspectiva del profesor van Helsing sobre la psicología criminal, qué característica posee el verdadero criminal?",Funciona predestinado para cometer un solo crimen específico y carece de cerebro completo como lo tiene un ser humano maduro.,Caracteristicas del Criminal
Cual es el tipo psicologico del Conde Dracula segun la madre Harker en su conversacion con Van Helsing?,Un criminal cuyo cerebro está imperfectamente formado que se refugia en hábitos cuando enfrenta dificultades.,Perfil Psicológico
Que experiencia describe Mrs Harker al hablar sobre el pasado del Conde Dracula?,En una ocasión anterior el Conde regreso a su propio pais tras ser derrotado en un conflicto extranjero y luego volvió mejor preparado para realizar nuevos ataques. Como lo hace en Londres cuando es derrotado de vuelta.,Pasado
Que compara Van Helsing entre Mrs Harker y una persona sabia y brillante?,Es una mujer extraordinariamente inteligente.,Comparacion Elogiosa
Que consideracion hace Van Helsing acerca del Conde Dracula y su egoismo?,Es un criminal cuyo cerebro está imperfectamente formado que solo se limita a un fin propio sin remordimientos.,Percepción de Van Helsing
A qué lugar viajan miembros del grupo al conocer retardo en llegada a Bucarest?,Galatz.,Destino
Quienes realizan la sesión hipnótica para obtener información sobre el Conde Drácula?,Van Helsing y otros miembros del grupo incluyendo a la señora Harker.,Personas sesión hipnótica
Quienes se reunieron para hablar sobre las acciones a seguir tras el retraso en Bucarest?,"El grupo integrado por Jonathan Harker, Van Helsing y Seward.",Integrantes reunión
Cómo llega el grupo a bordo del barco Czarina Catherine?,Se les da cortesía por parte de agentes de Hapgood y son llevados directamente.,Llegada al barco
Quién recibió la caja con destinatario 'conde Drácula' en el lugar llamado Galatz?,Un hombre llamado Immanuel Hildesheim.,Personaje intermedio
Cual era ocupación de Immanuel Hildesheim?,Trabajador que manejaba envíos y recibidos para evitar pasar por aduanas.,Ocupación
A quien entregó Hildesheim la gran caja marcada para el 'conde Drácula'?,Un comerciante llamado Petrof Skinsky.,Entregatario de la caja
Donde se encontró el cuerpo de Petrof Skinsky?,En el cementerio de San Pedro.,Lugar del hallazgo del cadáver
Que tipo de daño tenía la garganta de Skinsky?,Destrozada como si fuera obra de algún animal salvaje.,Descripción de lesión en el cadáver
Que tipo de investigación está planeando Mina sobre el conde Drácula?,Realizar una encuesta basada en razonamiento por eliminación para averiguar cómo podría ser transportado a su origen.,Investigación por parte de Mina
Cuál es el mayor problema para que el conde Drácula viaje por carretera?,La posibilidad de ser detectado debido al aumento en la gente y puntos de control.,Características del transporte por tierra como obstáculo
Cuál es el método más peligroso pero seguro para llegar a su origen que evalúa Mina?,El viaje por agua.,Metodo evaluado como peligrosamente seguro por Mina en su estudio
Quién es Petrof Skinsky en contexto de Drácula?,Individuo que según el diario de Jonathan Harker traficaba con eslovacos comerciante por río hasta el puerto Galatz.,Personaje
Para qué fin recibió Conde Drácula la caja antes del sol en Hildesheim?,Llevar instrucciones a Skinsky sobre cómo continuar su viaje con la carga.,Objeto de la Caja y su Entrega
Qué lugar sirvió como punto intermedio para el transporte del contenedor desde Transilvania hasta Londres en Drácula?,Barco que zarpó hacia Galatz tras llegada del Conde.,Transbordo Mediante Barco
Que ríos pueden encajar como vía de transporte para la caja del Conde Drácula en 'Drácula'?,Sereth o Pruth.,Rios Potenciales
Una desventaja del viaje fluvial para el Conde Drácula?,No puede abandonar su caja sin provocar sospechas y arriesgarse a ser lanzado al agua.,Desventaja Viaje Fluvial
Quién liderará el grupo para perseguir al Conde Drácula en agua según el plan?,Jonathan Harker acompañado de lord Godalming en una lancha de vapor.,Persecución Fluvial por Agua
Qué misión tendrá Abraham van Helsing para enfrentar al Conde Drácula?,Llevar a Mina al lugar cercano al castillo del vampiro para explotar su hipnotismo.,Misión de Van Helsing
Quienes son los hombres valientes mencionados en el relato de Jonathan Harker?,"Los médicos especialistas en 'Drácula', incluyendo a Van Helsing y el doctor Seward junto con otros ayudantes.",Miembros del grupo para combatir al Conde Drácula
Que objetivos tienen estos hombres valientes durante su expedición?,"Organizar equipamiento adecuado, conseguir mapas detallados, dinero y transporte hasta el lugar necesario para enfrentarse al conde Drácula.",Estrategias en la lucha contra Drácula
En que lugar empieza el viaje en barco con Jonathan Harker?,Tiene inicio en un punto junto al río Sereth y el Bistritza.,Inicio del viaje en agua para combatir a Drácula
Quienes son los miembros de la expedición en embarcación para combatir a Drácula?,"El grupo consta de lord Godalming, el doctor van Helsing junto con Jonathan Harker.",Integrantes del equipo embarcado contra el Conde Drácula
Donde encuentran a Drácula doctor Seward grupo luego de seguir sus pistas?,En Fundu conocen el paradero de la lancha.,Lugar descubierto
Como pasan los días Jonathan Harker y su grupo mientras buscan a Count Dracula?,Galopando sin tiempo para escribir. Dedican todos sus esfuerzos en el seguimiento.,Actividad durante persecución
Quien regresa con una calesa y caballos para grupo de Jonathan Harker?,Profesor Abraham van Helsing.,Personaje que actua
Durante el viaje por las montañas de Transilvania a que paisaje lo describen los integrantes del grupo de Harker?,"Un paisaje encantador, lleno de bellezas de todos los tipos imaginables.",Descripción del entorno
En qué fecha el grupo de Jonathan Harker recibe noticias del paradero del conde Drácula?,En Fundu conocen el paradero de la lancha el 3 de noviembre.,Fecha descubrimiento sobre Conde Dracula posición
Qué señal encontró Mina sobre el camino hacia Drácula?,Cámara llena de velas y un hombre sentado.,Signo en Viaje
Comienza la hipnosis fallida en la novela?,A medianoche del mismo día que Mina perdió su apetito y pareció afectada mentalmente.,Hipnotismo Comienzo Fallido
Descubre Jonathan cuando intenta despertar a Mina pero falla,Está cansado y no quiere dañarla considerando lo que ha sufrido.,Despertar Fallido Motivo
Como reacciona la señora Mina después de su primer descanso durante el viaje?,Se ve muy vivaz y radiante como siempre.,Reactivación Pos Descanse 1ª Parte
Cuando Jonathan comienza a preocuparse sobre la seguridad de Mina,Al llegar al castillo que señaló Jonathan en su diario.,Castillo Concernios Seguridad Mina
Qué actividad realiza el Doctor Van Helsing con relación a Mina cuando están cerca del Castillo Drácula,Hace un círculo de protección con la Hostia sagrada para cubrirla.,Circulo Hostias Seguridad Mina
Que pasa cuando Laura intenta arrojarse al fuego en el libro?,"Se levanta pero se detiene inmovilizada luego de dar un paso, después regresa a su sitio. Cuando le preguntan por qué no continúa responde 'No puedo'. Jonathan se alegró al saber que si ella no podía pasar ningún vampiro tampoco lo haría.",Acción y Respuesta
Que escena transcurre cuando Laura oye las voces de las tres mujeres que le besaron a Jonathan en la noche fría?,"Las imágenes giran hasta materializarse como seres reales. Las mismas tres mujeres aparecen ante ella con sus expresiones ríennes y seductores, invitándolas a unirse con ellas pero estando protegidas dentro del círculo.",Situación sobrenatural
Que experiencia ocurrida el 5 de noviembre pasa con los lobos y los cingaros?,"Los lobos se mueven cerca del grupo mientras las tribus de cíngaros huyen del río hacia sus carretas bajo una atmósfera tensa. Los exploradores creen que el peligro proviene de todos lados, incluyendo a los lobos que están bajando de montañas debido a la nieve.",Encuentros y Ambiente
Quien descubrió y enfrentó las tumbas de las hermanas vampiro en este texto?,van Helsing.,Protagonista acción
Que tipo de fascinación siente van Helsing al encontrarse con la primera mujer vampiro?,Fascinación debido a su belleza pese a la situación.,Emoción extraña
En que tumba descubrieron van Helsing las hermanas vampiro?,Capilla.,Lugar encuentro vampiros
Que palabra encontraron grabada en la tumba más señorial de ellos?,DRÁCULA.,Nombre vampiro jefe
Cuando salen del castillo Drácula hacia el encuentro con los otros personajes Mina habla sobre quien está en camino?,Jonathan.,Esperada persona llegando
Descripción de la situación del grupo en medio de la nieve en el libro Drácula?,"Protagonistas están en una altura observando un vasto territorio cubierto en blanco por la caída continua de la nieve. En medio de la tormenta, pueden ver lejanamente a unos hombres a caballo llevando una carreta sobre una ruta próxima.",Situación
Que pasa con el corazón de Mina cuando ve el grupo de hombres desde una altura?,Corazón comienza a latir fuerte al percibir la posibilidad que se encuentra cerca el contenido de la caja en la carreta y es capaz de escapar.,Emoción
Que menciona profesor en cuanto a llegada posible demasiado tarde?,Refiriéndose a las crepusculares horas del día cuando los viajeros podrían encontrarse con la amenaza que cercan.,Pregunto por peligro
Que situación visual tienen Mina y profesor en este momento de 'Drácula'?,Están montados en una roca alto observando lejos el terreno cubierto por la nieve y varios grupos de viajeros acercándose entre ellos dos hombres que Mina reconoce como Jonathan y Lord Godalming.,Situación visual
Qué estrategia preparan Mina e professor para enfrentar la amenaza que se aproxima en el libro?,Disponen de sus armas (anteojos para observar claridad y Winchester y revólver para protegerse) mientras esperan por las acciones del enemigo.,Defensa preparada
Cuál es la situación crítica de 'Drácula' donde Mina y profesor se encuentran defendiendo a sus amigos contra gitanos armados?,"Mina y el profesor están detrás de las rocas preparados para disparar con sus armas al líder de los gitanos y su grupo que amenazan la seguridad de Jonathan, Lord Godalming y otros amigos quienes tratan por proteger una carreta.",Defensa en acción
Cuando ocurre la muerte de Conde Drácula en el relato de Jonathan Harker?,Un momento antes de que su cuerpo se disuelve en polvo.,Muerte
Cómo muere Quincey Morris en el texto?,Con una herida de bala en el corazón y al mismo tiempo Jonathan Harker corta la garganta del Conde Drácula con su cuchillo.,Muerte de Quincey Morris
En qué parte del libro aparece el indice?,"Al final del relato de Bram Stoker 'Drácula', como prólogo a las distintas entradas escritas por diversos personajes.",Indice
Capitulo donde comienza el diario de Doctor Seward en 'Drácula'?,XXI.,Capítulo
En que parte del libro aparece el relato del viaje de Jonathan Harker de nuevo?,XXII.,Capítulo
Desde cual capitulo resumen los registros del doctor Seward por Van Helsing?,XXIV.,Capítulos
